email_id,subject,body,sender_email,timestamp,priority
EML-0001,App Crash Report — iPhone 15 iOS 17.4,"Hi Support Team,

I'm experiencing repeated crashes on my iPhone 15 running iOS 17.4 with app version 3.1.0.

Steps to reproduce:
1. Open the app
2. Navigate to the Settings tab
3. Tap on 'Account Details'
4. App crashes immediately with no error message

This happens 100% of the time. I've tried reinstalling but the issue persists.

Device: iPhone 15
OS: iOS 17.4
App Version: 3.1.0

Please fix ASAP as I rely on this app for work.

Best,
John",mia_c@gmail.com,2026-02-22T00:04:04,High
EML-0002,Login Issue Since v3.0.1 Update,"Hello,

Since updating to v3.0.1 last week I cannot log in to my account.

When I enter my email and password and tap 'Sign In', the loading spinner appears for about 5 seconds then disappears without logging me in or showing an error.

Device: Samsung Galaxy S22
OS: Android 13
App Version: 3.0.1

Steps to reproduce:
1. Open app
2. Enter valid credentials
3. Tap Sign In
4. Spinner appears then vanishes — not logged in

I've tried resetting my password, still same issue.

Thanks",olivia_f@outlook.com,2026-01-19T13:18:04,High
EML-0003,Data Loss Problem — Urgent,"URGENT — I have lost 3 weeks of data after the 3.0.5 update.

All my notes and task history before March 2024 are gone. The app shows an empty state when I tap on History.

Device: Google Pixel 7
OS: Android 14
App Version: 3.0.5

Steps:
1. Update app to 3.0.5
2. Open app
3. Navigate to History tab
4. All previous entries gone

This is critical — I need that data for work. Please escalate immediately.",peter_g@yahoo.com,2026-02-19T02:51:04,
EML-0004,Notification Bug — Not Receiving Alerts,"Hi,

Push notifications stopped working after I upgraded to iOS 17.1.

Device: iPhone 14 Pro
OS: iOS 17.1
App Version: 3.1.0

Steps:
1. Enable notifications in app settings (confirmed allowed in iOS Settings too)
2. Set a reminder for 5 minutes from now
3. Wait — no notification arrives

Tried toggling permissions off and on. No improvement.

Regards, Sarah",rachel_i@gmail.com,2026-02-03T11:01:04,Medium
EML-0005,Sync Failure Between iPad and iPhone,"Hello Support,

My data is not syncing between my iPhone and iPad. I create an item on iPhone and it never appears on iPad, even after waiting 30 minutes.

iPhone 13, iOS 16.6, App v3.0.5
iPad Pro 11', iPadOS 16.6, App v3.0.5

Steps:
1. Create new task on iPhone
2. Open iPad (signed into same account)
3. Task does not appear
4. Pull to refresh — still missing

Both devices are on the same WiFi network.

Thank you",quinn_h@yahoo.com,2026-03-07T19:59:04,High
EML-0006,App Freezes on Android 14 — Galaxy S23,"Hi,

The app freezes completely on my Galaxy S23 running Android 14.

Device: Samsung Galaxy S23
OS: Android 14
App Version: 3.1.0

Steps to reproduce:
1. Open app
2. Go to the Dashboard
3. Scroll down rapidly
4. App becomes unresponsive — must force-kill

Happens consistently. Clearing cache does not help.

Best, Mike",carol_k@yahoo.com,2026-01-23T08:08:04,
EML-0007,Search Not Returning Results,"Hi support,

The search feature is completely broken for me. I type in exact words that I know are in my notes and get zero results.

Device: OnePlus 10 Pro
OS: Android 13
App Version: 3.0.5

Steps:
1. Open app and navigate to Search
2. Type 'meeting notes' (I have 20 notes with this phrase)
3. Results show: 'No items found'

Please help — search is critical for my use.

Regards",bob_j@work.io,2026-03-04T22:22:04,Medium
EML-0008,Feature Request: Dark Mode Support,"Hello,

I love the app but I would really appreciate a dark mode option. I use the app late at night and the bright white background is hard on my eyes. Many apps have this feature now and it would greatly improve my experience.

Thank you for considering this!

Best, Laura",iris_p@yahoo.com,2025-12-19T13:44:04,
EML-0009,Request: Export to PDF Functionality,"Hi Team,

It would be incredibly useful to export my task lists and notes as PDF files directly from the app. I often need to share progress reports with my manager and currently I have to copy everything manually.

A simple export button would save me 30 minutes every week.

Thank you",jake_n@company.com,2026-02-03T10:04:04,
EML-0010,Suggestion: Biometric Login,"Hello,

I'd love to see Face ID / fingerprint login support. Typing my long password every time is inconvenient, especially on mobile. Almost every other app of this type supports biometrics now.

Would really improve day-to-day usability.

Thanks!",dave_r@gmail.com,2026-01-06T05:32:04,
EML-0011,Suggestion for Improvement: Calendar Integration,"Hi,

I think adding calendar integration (Google Calendar / Apple Calendar) would make this app a complete productivity solution. Right now I have to switch between two apps to manage my tasks and calendar.

Even a read-only calendar view inside the app would be great.

Best regards",carol_k@yahoo.com,2026-01-27T02:54:04,Medium
EML-0012,Feature Request: Team Collaboration,"Dear Team,

Our company is evaluating your app for team use. One key missing feature is real-time collaboration — multiple users editing the same project simultaneously. This is a deal-breaker for us at the enterprise level.

If this is on the roadmap, please let us know the ETA.

Regards, Enterprise Team",jake_n@work.io,2025-12-21T20:04:04,
EML-0013,Feedback: Offline Mode Would Be Great,"Hello,

I travel frequently and often have no internet access. Having full offline mode with sync when back online would make this app perfect for frequent travelers like me.

Currently the app is unusable without connection.

Thanks for considering!",dave_r@yahoo.com,2026-02-10T08:08:04,
EML-0014,Subscription Price Too High,"Hello,

I've been a user for 2 years and the recent price increase to $15/month is simply too much for what's offered. Competitors charge $5-8/month for the same or more features. I'm considering cancelling unless pricing is reviewed.

Thanks",iris_p@outlook.com,2025-12-28T05:19:04,Medium
EML-0015,Very Slow App Performance,"Hi,

The app has become extremely slow over the past few months. Loading the dashboard takes 8-10 seconds. Switching tabs takes 3-4 seconds. This was not an issue before. I'm considering switching to a competitor if performance doesn't improve.

Frustrated user",iris_p@work.io,2026-01-12T03:07:04,
EML-0016,Poor Customer Support Experience,"To Whom It May Concern,

I submitted a support ticket 2 weeks ago about a billing issue and have received only one automated response. No real human has contacted me. I am a premium subscriber and this level of support is unacceptable.

Disappointed",noah_d@outlook.com,2026-03-10T11:43:04,High
EML-0017,Too Many Ads in Free Tier,"Hello,

The number of ads in the free tier has increased drastically and they now appear every 2-3 actions. This makes the app nearly unusable without paying. I understand monetization but this is excessive.

Regards",iris_p@yahoo.com,2026-01-17T18:19:04,Low
EML-0018,App Uses Too Much Storage,"Hi,

I noticed the app is using 600MB of storage on my phone which is far too much. I have limited storage and this app is taking up a disproportionate amount. Please optimize storage usage or add a 'Clear Cache' option in settings.

Thanks",carol_k@yahoo.com,2026-01-05T10:11:04,
EML-0019,Love the New Dashboard Design!,"Hi Team,

Just wanted to say the new dashboard in v3.1.0 is absolutely beautiful. The redesign made everything so much more intuitive. Great work by your design team!

Keep up the excellent work. This is my go-to productivity app.

Thanks!",noah_d@yahoo.com,2026-03-10T02:41:04,Low
EML-0020,Outstanding App — Highly Recommend,"Hello,

I've been using your app for 18 months and it keeps getting better. The v3.0.1 update was especially impressive. Performance improvements are noticeable and the new features are exactly what I needed.

Please keep it up! Recommending it to my entire team.

Best",bob_j@outlook.com,2026-02-16T14:49:04,Low
EML-0021,Great Customer Support Experience,"Hi,

I had a billing issue last week and your support team resolved it within 2 hours. That's exceptional service. The rep (Alex) was courteous and efficient.

Just wanted to share positive feedback. Keep it up!

Kind regards",rachel_i@company.com,2025-12-25T12:55:04,
EML-0022,Crash When Uploading Large Files,"Hello,

The app crashes every time I try to upload files larger than 10MB.

Device: iPhone 13 Pro
OS: iOS 16.6
App Version: 3.0.1

Steps:
1. Tap the '+' button to add attachment
2. Select a 15MB PDF from Files
3. Upload progress bar appears
4. At ~60% progress, app crashes

Consistent across multiple files and network conditions.

Regards, Tom",frank_t@yahoo.com,2026-01-22T11:53:04,Medium
EML-0023,Two-Factor Authentication Not Working,"Hi Support,

The 2FA SMS codes are not being delivered to my phone. I enabled 2FA last week and now I cannot log in at all because I never receive the code.

Device: Samsung Galaxy A52
OS: Android 12
App Version: 3.0.5

Steps:
1. Open app
2. Enter email and password
3. 2FA screen appears — wait for SMS
4. SMS never arrives (checked spam, tried resend 5 times)

This is a blocker — I cannot access my account.

Urgently, David",noah_d@yahoo.com,2026-02-09T06:14:04,Critical
EML-0024,Widget Crashes Home Screen,"Hello,

The home screen widget crashes my launcher when I try to add it. Goes directly back to home screen after selecting widget.

Device: Pixel 7a
OS: Android 14
App Version: 3.1.0

Steps:
1. Long press home screen
2. Select Widgets
3. Find app widget
4. Drag to home screen — launcher crashes

Reproducible every time.

Thanks",bob_j@company.com,2026-02-15T05:12:04,
EML-0025,Request: Apple Watch App,"Hello,

An Apple Watch companion app would be a fantastic addition. Being able to check and check-off tasks from my wrist would save a lot of time. Many of your competitors already have this. Please consider adding it!

Thank you",henry_w@yahoo.com,2026-03-11T14:52:04,Low
EML-0026,Suggestion: Custom Themes,"Hi Team,

It would be great if users could choose from different color themes beyond just light and dark mode. Custom accent colors would let users personalize the experience.

Just a thought — keep up the good work!

Best",carol_k@outlook.com,2026-01-29T15:32:04,Low
EML-0027,No Refund for Cancelled Subscription,"Hello,

I cancelled my annual subscription mid-year and was told I would not receive a refund for the unused months. This is unacceptable and against consumer protection rules in my country. I expect a pro-rata refund.

Regards",rachel_i@outlook.com,2026-03-12T08:08:04,
EML-0028,App Has Transformed My Productivity,"Hi,

I just wanted to say this app has genuinely changed how I work. I used to miss deadlines and feel overwhelmed. After 6 months with your app, I'm on top of everything. The recurring tasks feature is a lifesaver.

Thank you!",iris_p@gmail.com,2026-03-01T16:37:04,Low
EML-0029,Impressed by the Accessibility Features,"Hello Team,

As someone with low vision, I want to thank you for excellent accessibility support. The dynamic text sizing and VoiceOver compatibility work flawlessly. Very few apps get this right.

Keep it up!",noah_d@work.io,2026-01-09T08:40:04,Low
EML-0030,Quick Question About Storage Limits,"Hi,

I'm a free user and wanted to know what the storage limit is before I need to upgrade to premium. I can't find this information clearly in the app.

Also, love the app — very well designed!

Thanks",bob_j@company.com,2026-03-14T19:05:04,
